{
  "model_name": "gemma",
  "model_path": "google/gemma-2-9b-it",
  "vector_shape": [
    42,
    3584
  ],
  "n_layers": 42,
  "layer_norms": [
    1.8984375,
    4.375,
    4.28125,
    3.9375,
    8.25,
    10.5,
    15.25,
    16.875,
    36.0,
    49.0,
    51.0,
    49.75,
    55.75,
    73.5,
    84.0,
    84.5,
    89.0,
    99.5,
    125.0,
    140.0,
    145.0,
    172.0,
    166.0,
    184.0,
    215.0,
    241.0,
    255.0,
    247.0,
    268.0,
    294.0,
    316.0,
    346.0,
    362.0,
    378.0,
    390.0,
    406.0,
    424.0,
    440.0,
    474.0,
    498.0,
    524.0,
    548.0
  ],
  "best_layer": 41,
  "max_norm": 548.0,
  "mean_norm": 198.0,
  "std_norm": 170.0,
  "min_norm": 1.8984375,
  "min_layer": 0,
  "top_5_layers": [
    41,
    40,
    39,
    38,
    37
  ],
  "top_5_norms": [
    548.0,
    524.0,
    498.0,
    474.0,
    440.0
  ]
}