{
  "model_name": "gemma",
  "vector_path": "/mnt/drive_b/MATS_apply/analogy_vector_gemma.pt",
  "n_layers": 42,
  "similarities": [
    0.390625,
    0.91015625,
    0.82421875,
    0.443359375,
    0.72265625,
    0.640625,
    0.8359375,
    0.51171875,
    0.75,
    0.87890625,
    0.89453125,
    0.86328125,
    0.80859375,
    0.8671875,
    0.88671875,
    0.859375,
    0.828125,
    0.83203125,
    0.86328125,
    0.8671875,
    0.84375,
    0.859375,
    0.84375,
    0.8359375,
    0.859375,
    0.8671875,
    0.89453125,
    0.8984375,
    0.8984375,
    0.91796875,
    0.921875,
    0.9453125,
    0.9609375,
    0.96484375,
    0.96484375,
    0.96875,
    0.9609375,
    0.9453125,
    0.96875,
    0.94921875,
    0.9453125
  ],
  "mean_similarity": 0.8461794969512195,
  "std_similarity": 0.131220266264076,
  "min_similarity": 0.390625,
  "min_layer": 0,
  "max_similarity": 0.96875,
  "max_layer": 35,
  "turning_points": [
    3,
    7
  ],
  "turning_point_threshold": 0.1,
  "stable_region_start": 32,
  "stable_region_end": 41,
  "stable_threshold": 0.95,
  "recommended_steering_layers": {
    "start": 32,
    "end": 41,
    "range": [
      32,
      33,
      34,
      35,
      36,
      37,
      38,
      39,
      40,
      41
    ]
  }
}