{
  "model": "gemma",
  "model_name": "google/gemma-2-9b-it",
  "optimal_layers": [
    29,
    35
  ],
  "reduction_per_layer": [
    1.5625,
    0.78125,
    0.0,
    0.0,
    0.0,
    0.0,
    0.0,
    0.0,
    0.0,
    0.0,
    0.390625,
    0.390625,
    0.390625,
    0.0,
    0.0,
    0.78125,
    0.0,
    0.390625,
    0.390625,
    0.0,
    0.0,
    0.390625,
    0.78125,
    0.390625,
    0.390625,
    0.78125,
    0.78125,
    0.78125,
    0.78125,
    1.953125,
    3.90625,
    5.0625,
    4.3125,
    4.3125,
    4.3125,
    3.90625,
    3.90625,
    3.125,
    1.953125,
    1.953125,
    2.34375,
    1.5625
  ],
  "reduction_at_optimal_layers": {
    "layer_29": 1.953125,
    "layer_35": 3.90625
  },
  "token_removals": {
    " Imagine": {
      "avg_removed_percent": 10.27250744047619,
      "std_removed_percent": 8.704366145282332
    },
    " like": {
      "avg_removed_percent": 2.008565266927083,
      "std_removed_percent": 1.135028377065527
    },
    " similar": {
      "avg_removed_percent": 1.486731427056449,
      "std_removed_percent": 1.2861154065362175
    },
    " analogy": {
      "avg_removed_percent": 3.666137513660249,
      "std_removed_percent": 2.6967115027482227
    },
    " metaphor": {
      "avg_removed_percent": 0.8426429260344733,
      "std_removed_percent": 0.6155700899772051
    },
    " think": {
      "avg_removed_percent": 4.252987816220238,
      "std_removed_percent": 4.242190971734229
    }
  }
}