{
  "gemma": {
    "model_name": "gemma",
    "model_path": "google/gemma-2-9b-it",
    "vector_shape": [
      42,
      3584
    ],
    "n_layers": 42,
    "layer_norms": [
      1.8984375,
      4.375,
      4.28125,
      3.9375,
      8.25,
      10.5,
      15.25,
      16.875,
      36.0,
      49.0,
      51.0,
      49.75,
      55.75,
      73.5,
      84.0,
      84.5,
      89.0,
      99.5,
      125.0,
      140.0,
      145.0,
      172.0,
      166.0,
      184.0,
      215.0,
      241.0,
      255.0,
      247.0,
      268.0,
      294.0,
      316.0,
      346.0,
      362.0,
      378.0,
      390.0,
      406.0,
      424.0,
      440.0,
      474.0,
      498.0,
      524.0,
      548.0
    ],
    "best_layer": 41,
    "max_norm": 548.0,
    "mean_norm": 198.0,
    "std_norm": 170.0,
    "min_norm": 1.8984375,
    "min_layer": 0,
    "top_5_layers": [
      41,
      40,
      39,
      38,
      37
    ],
    "top_5_norms": [
      548.0,
      524.0,
      498.0,
      474.0,
      440.0
    ]
  },
  "llama8b": {
    "model_name": "llama8b",
    "model_path": "meta-llama/Llama-3.1-8B-Instruct",
    "vector_shape": [
      32,
      4096
    ],
    "n_layers": 32,
    "layer_norms": [
      0.11181640625,
      0.2197265625,
      0.3203125,
      0.5234375,
      0.875,
      1.1484375,
      1.34375,
      1.765625,
      2.046875,
      2.46875,
      2.9375,
      2.859375,
      3.0625,
      3.828125,
      4.4375,
      4.8125,
      5.15625,
      6.53125,
      7.25,
      7.4375,
      7.84375,
      8.75,
      9.3125,
      10.75,
      11.6875,
      12.625,
      14.125,
      15.0625,
      17.5,
      19.125,
      22.25,
      29.375
    ],
    "best_layer": 31,
    "max_norm": 29.375,
    "mean_norm": 7.4375,
    "std_norm": 7.1875,
    "min_norm": 0.11181640625,
    "min_layer": 0,
    "top_5_layers": [
      31,
      30,
      29,
      28,
      27
    ],
    "top_5_norms": [
      29.375,
      22.25,
      19.125,
      17.5,
      15.0625
    ]
  }
}